id,created_at,title,category,ean,vendor,price
200,2018-06-12T06:08:53.212Z,Intelligent Steel Car,Gadget,7317365230007,"Pouros, Nitzsche and Mayer",48.800000
198,2017-09-06T19:28:16.574Z,Enormous Copper Shirt,Gizmo,7153630876392,"Considine, Schamberger and Schiller",46.760000
197,2017-06-08T08:56:15.049Z,Aerodynamic Concrete Lamp,Gizmo,2516506541834,Erika Volkman Group,46.760000
195,2019-04-01T23:26:53.703Z,Incredible Concrete Watch,Gadget,7384311074268,Ford Runolfsson Group,73.190000
194,2016-05-11T09:39:00.357Z,Heavy-Duty Rubber Bottle,Doohickey,2952766751666,Rosanna Murazik Inc,33.590000
193,2017-04-24T18:33:44.161Z,Ergonomic Plastic Bench,Gadget,4709231420798,Hodkiewicz-Brekke,33.590000
191,2018-05-01T21:16:24.331Z,Heavy-Duty Linen Gloves,Gadget,7167715379463,"Herman, Gleason and Renner",85.720000
190,2019-01-22T15:58:52.848Z,Ergonomic Cotton Bag,Gadget,1613730311804,Delphia Bauch Inc,85.720000
187,2017-07-03T23:17:30.280Z,Fantastic Copper Hat,Gizmo,4347934129886,Janick Harvey LLC,65.980000
186,2018-04-14T15:21:02.626Z,Ergonomic Concrete Lamp,Gizmo,225815844582,Theodore Hansen Inc,65.980000
185,2016-11-09T14:06:25.683Z,Sleek Marble Table,Gadget,3307124431763,Cremin-Williamson,26.380000
183,2016-11-28T02:43:19.996Z,Mediocre Aluminum Lamp,Gizmo,5408760500061,"Powlowski, Keebler and Quigley",37.800000
182,2018-10-19T22:20:01.145Z,Practical Silk Bottle,Gadget,8769809778856,Devonte Gleichner Inc,56.330000
188,2019-02-07T19:03:43.752Z,Synergistic Copper Computer,Doohickey,2315609605258,"Jones, Hayes and Kshlerin",22.580000
180,2017-07-29T09:06:00.349Z,Lightweight Copper Wallet,Gadget,8725228831589,Maxime Haley and Sons,45.550000
179,2016-08-19T11:20:01.119Z,Incredible Linen Knife,Doohickey,6372029072158,Casper-Schimmel,45.550000
177,2018-12-29T22:35:47.725Z,Heavy-Duty Cotton Bottle,Gadget,2125923238175,Ursula Collins LLC,85.880000
175,2016-07-31T13:29:50.000Z,Fantastic Leather Watch,Doohickey,7067375149041,Lakin-Stroman,78.220000
174,2017-02-13T07:10:15.529Z,Rustic Iron Keyboard,Gadget,9216642429807,Barrows-Johns,74.410000
173,2016-05-30T07:24:27.215Z,Gorgeous Wooden Car,Gadget,1838229841499,"Upton, Schoen and Streich",81.580000
172,2018-09-02T16:45:49.880Z,Practical Aluminum Table,Gizmo,4201407654834,Heathcote-Kirlin,81.580000
171,2017-07-07T19:15:07.738Z,Ergonomic Iron Watch,Doohickey,2448500145612,Blake Greenfelder Group,70.050000
169,2018-08-04T01:37:27.729Z,Small Cotton Chair,Doohickey,8933669659420,Kuhlman-McKenzie,39.690000
168,2016-07-29T03:49:13.673Z,Intelligent Paper Car,Gadget,6190070243323,Roscoe Oberbrunner Group,79.290000
167,2017-10-24T14:18:17.203Z,Gorgeous Paper Bag,Doohickey,6009279470754,Prohaska-Quigley,65.140000
166,2016-08-05T07:54:17.191Z,Rustic Copper Hat,Doohickey,1408483808240,Kuhn-OReilly,25.540000
165,2018-01-14T08:47:02.154Z,Aerodynamic Copper Knife,Gizmo,9182640035008,"McDermott, Kiehn and Becker",25.540000
164,2016-12-01T22:43:06.579Z,Sleek Bronze Lamp,Doohickey,3691313722887,Bosco-Breitenberg,61.980000
162,2018-11-25T14:58:59.461Z,Gorgeous Copper Knife,Gadget,9458076657016,Connelly-Mitchell,22.380000
161,2016-06-12T23:35:50.174Z,Heavy-Duty Rubber Gloves,Doohickey,5626486088179,"West, Prohaska and Wunsch",31.730000
160,2018-05-03T21:43:50.227Z,Lightweight Linen Hat,Gadget,3685697688891,Oran DAmore Inc,31.730000
158,2017-07-09T11:04:50.029Z,Aerodynamic Leather Toucan,Gizmo,7345418848909,Israel Spinka and Sons,93.260000
156,2016-09-30T07:55:10.891Z,Heavy-Duty Copper Gloves,Gadget,1770178011663,"Schinner, Schmitt and Crona",20.410000
153,2017-11-24T19:13:23.304Z,Aerodynamic Leather Computer,Gadget,1484994799123,"Wilkinson, Donnelly and Gulgowski",44.530000
151,2017-10-16T00:52:50.757Z,Lightweight Leather Bench,Gizmo,1878073010375,"Marquardt, Crooks and Abshire",61.080000
150,2018-11-26T07:59:53.001Z,Synergistic Wool Coat,Gadget,5935916054838,Morar-Schamberger,85.700000
148,2018-05-26T05:12:30.806Z,Sleek Plastic Shoes,Gadget,3828680930458,Gail Bergstrom Inc,92.650000
155,2017-02-22T12:53:05.598Z,Fantastic Rubber Knife,Gadget,7854842811538,Demarcus Brakus Inc,29.180000
147,2017-07-17T15:41:47.286Z,Mediocre Wool Toucan,Doohickey,6590063715,"Bradtke, Wilkinson and Reilly",44.430000
145,2018-04-27T15:52:11.524Z,Awesome Wool Bench,Gizmo,899183128263,Stark-Bayer,40.800000
143,2018-02-04T22:30:01.155Z,Rustic Iron Bench,Gizmo,4009053735033,"McGlynn, Fay and Kertzmann",40.800000
142,2017-10-14T02:59:37.713Z,Ergonomic Marble Computer,Doohickey,4686859196154,"Kuphal, Brown and Koss",46.900000
140,2017-12-01T09:57:43.724Z,Sleek Copper Watch,Gadget,5050273180195,Daugherty-Dach,44.540000
139,2016-06-08T10:24:36.940Z,Lightweight Steel Watch,Doohickey,3301617687934,"Wuckert, Murazik and Ernser",51.190000
138,2016-12-18T20:19:28.251Z,Incredible Plastic Watch,Doohickey,1157194463322,Kiel Kassulke Group,75.970000
137,2019-02-16T22:36:43.143Z,Ergonomic Granite Bottle,Gizmo,8271165200181,"Morissette, Dare and Schimmel",45.180000
141,2018-10-03T19:23:24.077Z,Enormous Cotton Pants,Doohickey,4504719641739,Nikolaus-Hudson,84.140000
135,2019-04-02T07:04:34.857Z,Enormous Granite Bottle,Gizmo,6248889948356,Lorenza Mayer Inc,30.540000
134,2017-05-25T12:10:54.080Z,Practical Paper Bag,Doohickey,2339358820724,"Considine, Bogisich and Bauch",28.330000
133,2016-09-16T20:51:59.814Z,Sleek Wool Watch,Doohickey,698616313838,"Hauck, Ernser and Barton",45.650000
130,2017-10-10T02:32:39.532Z,Awesome Cotton Shoes,Gizmo,8163753213485,"Kuphal, Friesen and Rowe",50.020000
124,2018-02-09T15:51:19.689Z,Durable Aluminum Bag,Gizmo,8245402607613,Zemlak-Wiegand,73.950000
123,2017-11-16T13:53:14.232Z,Mediocre Wooden Bench,Gizmo,3621077291879,Flatley-Kunde,73.950000
129,2017-12-14T23:45:19.968Z,Small Marble Knife,Gizmo,8844419430964,"Turner, Kiehn and Schmitt",98.780000
128,2017-11-10T14:32:06.165Z,Gorgeous Aluminum Plate,Gizmo,1664425970,Cale Thompson V and Sons,50.050000
119,2018-03-24T02:04:35.630Z,Gorgeous Linen Keyboard,Gadget,5433448189252,Alfreda Konopelski II Group,28.960000
118,2016-10-19T00:34:27.911Z,Synergistic Rubber Shoes,Gadget,5291392809646,Herta Skiles and Sons,38.420000
117,2016-07-22T20:50:56.145Z,Small Concrete Knife,Gizmo,5272733645116,Jefferey Volkman LLC,36.680000
121,2017-11-10T04:39:43.211Z,Ergonomic Wool Bag,Doohickey,95774502751,"Wolff, Ebert and Hansen",26.960000
116,2018-09-12T15:23:05.184Z,Aerodynamic Concrete Bench,Gizmo,5955704607626,Denesik-Ortiz,76.280000
122,2017-05-08T02:53:55.356Z,Gorgeous Marble Plate,Gizmo,4733532233696,Fisher-Purdy,66.560000
115,2018-01-27T11:30:35.871Z,Rustic Silk Knife,Gadget,6858015278648,Mrs. Eugenia Koelpin and Sons,51.940000
112,2017-02-05T00:51:43.939Z,Small Wool Wallet,Doohickey,1464781960745,Ledner-Watsica,27.550000
111,2018-08-22T13:32:49.613Z,Ergonomic Rubber Bench,Gadget,8222420544052,"Hane, Hamill and Jerde",37.020000
108,2019-03-03T13:38:54.705Z,Practical Silk Computer,Gadget,3772022926992,Aufderhar-Boehm,33.400000
107,2017-11-19T08:15:29.093Z,Lightweight Wool Plate,Gadget,7059492880556,Dora Fay and Sons,33.400000
105,2016-06-16T00:07:23.619Z,Fantastic Wool Shirt,Gadget,1790740189682,Jerrod McLaughlin LLC,35.150000
106,2017-04-25T07:27:37.247Z,Fantastic Steel Knife,Doohickey,848056924761,Friesen-Langworth,35.150000
102,2019-03-29T21:27:53.791Z,Lightweight Granite Hat,Gadget,2562717359713,Dominic Mann Group,31.360000
100,2017-04-27T13:06:30.921Z,Lightweight Steel Knife,Gizmo,7667946672475,"Legros, Lynch and Howell",45.220000
114,2018-06-26T13:56:49.328Z,Practical Plastic Keyboard,Doohickey,4785470010730,"Wisoky, Pagac and Heaney",51.940000
113,2019-01-21T08:01:53.603Z,Sleek Leather Table,Gadget,212722801067,"Ruecker, Carter and Ortiz",73.650000
101,2017-04-08T09:49:44.498Z,Durable Cotton Bench,Gadget,8368305700967,Gutmann-Breitenberg,93.220000
99,2018-01-09T10:07:27.255Z,Enormous Plastic Coat,Gadget,2646001599860,Kuhlman-Kuphal,45.220000
96,2017-06-07T00:06:12.240Z,Heavy-Duty Silk Car,Doohickey,4168050315812,Bernhard-Grady,69.880000
91,2018-09-20T14:53:54.777Z,Rustic Rubber Knife,Gizmo,1559730016366,Connelly-Ritchie,43.400000
88,2018-10-18T15:24:37.058Z,Lightweight Linen Bottle,Gizmo,4886504321812,Dorothea Balistreri Inc,70.280000
86,2019-04-02T20:38:34.966Z,Heavy-Duty Silk Chair,Doohickey,2529776156387,"Orn, Hilpert and Pfannerstill",61.540000
85,2017-03-16T20:07:48.516Z,Rustic Copper Knife,Gizmo,5778452195678,"Reynolds, Gleason and Brekke",36.600000
98,2019-04-09T16:49:29.198Z,Mediocre Silk Bottle,Gizmo,7485639601133,Pacocha-Volkman,74.950000
97,2018-02-02T15:38:37.723Z,Durable Copper Clock,Doohickey,498395047364,"Halvorson, Lockman and Ruecker",74.950000
90,2017-07-02T08:23:34.826Z,Incredible Concrete Keyboard,Gizmo,7532074237028,Rodriguez-Kuhlman,82.080000
84,2016-12-17T15:11:24.432Z,Incredible Plastic Chair,Gizmo,8002754191821,Americo Sipes and Sons,54.580000
95,2017-09-16T19:33:44.597Z,Durable Iron Knife,Gizmo,4945934419923,"Schiller, Bogisich and Lockman",33.210000
92,2016-06-20T18:01:28.219Z,Small Granite Gloves,Gizmo,7080123588503,Baumbach-Hilpert,83.260000
83,2017-12-25T15:37:40.341Z,Lightweight Bronze Table,Gadget,1468999794635,Mr. Johanna Koepp and Sons,54.580000
82,2016-10-08T10:26:19.492Z,Heavy-Duty Steel Watch,Gadget,9802920493181,Braeden Gislason and Sons,40.600000
79,2016-11-21T13:59:05.122Z,Sleek Aluminum Clock,Gizmo,1538211018396,"Toy, Deckow and Nitzsche",27.740000
78,2018-01-08T10:49:46.434Z,Mediocre Aluminum Shirt,Gizmo,9347854191845,"Zemlak, Botsford and Corkery",27.740000
77,2017-06-23T01:30:23.834Z,Mediocre Leather Computer,Gadget,4312472827051,Fisher-Kemmer,67.340000
75,2018-03-06T09:46:21.080Z,Intelligent Paper Hat,Gadget,6588791601926,Ledner-Satterfield,83.880000
81,2017-01-23T15:20:01.221Z,Lightweight Linen Coat,Gizmo,4760375596107,Mason Bashirian and Sons,29.290000
74,2017-02-21T10:21:53.186Z,Awesome Plastic Watch,Gadget,2084705637233,Herman Flatley Group,34.090000
71,2017-08-31T06:01:19.229Z,Sleek Granite Pants,Gadget,3806751355669,"Kirlin, Hermann and Stokes",55.200000
69,2019-01-18T13:07:28.238Z,Synergistic Leather Coat,Doohickey,5592486096660,"Wiza, Abbott and Deckow",48.930000
68,2016-11-08T03:04:47.544Z,Heavy-Duty Copper Toucan,Gizmo,96051986448,"Howe, Kiehn and Price",76.830000
67,2018-11-17T15:52:35.026Z,Aerodynamic Granite Bottle,Gizmo,5176352942567,Myriam Macejkovic Inc,27.500000
64,2017-02-21T11:15:20.545Z,Incredible Aluminum Knife,Gadget,1960588072419,Noah Anderson and Sons,95.610000
63,2018-08-28T07:45:17.744Z,Enormous Granite Wallet,Gizmo,9786855487647,"Hills, Fahey and Jones",89.010000
61,2017-01-24T03:11:46.606Z,Mediocre Paper Car,Gizmo,1726123595351,Jordi Effertz LLC,15.690000
60,2017-12-16T11:14:43.264Z,Rustic Paper Car,Doohickey,4819782507258,Stroman-Carroll,19.870000
59,2018-07-14T13:14:37.128Z,Sleek Aluminum Watch,Gizmo,8469939413398,"Donnelly, Renner and Barton",59.470000
57,2018-03-01T02:39:56.671Z,Gorgeous Bronze Hat,Gizmo,3769015137275,"Kuphal, Schowalter and Bogan",81.610000
56,2017-06-28T13:30:14.212Z,Awesome Silk Car,Doohickey,8296484749050,Hackett-Reynolds,24.250000
55,2016-09-05T23:51:24.820Z,Mediocre Rubber Shoes,Gadget,6575325360237,"Considine, Lehner and Maggio",63.850000
53,2016-11-04T00:33:07.221Z,Mediocre Cotton Toucan,Doohickey,8825217022124,Jacobson-Daniel,29.520000
58,2017-12-11T05:22:00.985Z,Practical Steel Table,Gadget,5010710584900,"Smitham, Dach and Bode",52.100000
51,2016-07-07T16:23:10.515Z,Awesome Granite Car,Gizmo,4406572671024,Keshaun Mueller Group,50.430000
49,2017-06-02T08:07:59.839Z,Incredible Silk Shoes,Gadget,4284914664558,Schuster-Wyman,87.620000
48,2018-02-20T21:54:33.910Z,Gorgeous Concrete Chair,Gizmo,4516685534489,Kiehn-Pacocha,82.140000
46,2016-09-13T06:34:33.279Z,Rustic Linen Keyboard,Gadget,2703547723491,Una Fadel Group,78.700000
47,2017-05-19T22:47:54.501Z,Aerodynamic Cotton Bottle,Doohickey,1909194306167,Annetta Wyman and Sons,56.050000
45,2016-05-04T13:31:42.755Z,Sleek Wool Wallet,Doohickey,8590367775021,"Volkman, Greenfelder and Kiehn",78.700000
37,2019-04-15T13:34:19.931Z,Incredible Granite Toucan,Gadget,2890379323668,"Parker, OConnell and Beahan",53.410000
36,2016-04-26T19:29:55.147Z,Mediocre Plastic Clock,Gizmo,9687547218818,"Wolf, Beahan and Thiel",87.290000
40,2018-06-22T04:29:03.642Z,Small Copper Plate,Gizmo,335243754848,Maegan Casper Group,66.440000
39,2019-01-06T03:22:33.266Z,Durable Rubber Computer,Gizmo,7494558044822,Carmela Douglas Inc,76.390000
38,2017-01-09T14:54:58.302Z,Lightweight Leather Gloves,Gadget,6154584840805,"Bednar, Berge and Boyle",44.050000
35,2017-09-14T22:13:40.971Z,Mediocre Cotton Coat,Doohickey,3661250556340,Cassin-Collins,47.690000
34,2016-04-28T22:08:19.003Z,Heavy-Duty Wooden Clock,Gadget,743731223606,Eugenia Kunze LLC,49.540000
33,2016-05-30T20:38:52.750Z,Small Plastic Computer,Doohickey,9031323475252,Spinka-Stokes,31.830000
31,2018-06-05T19:01:10.332Z,Rustic Rubber Clock,Doohickey,9095019841233,"Quigley, Von and Will",70.440000
30,2016-10-22T11:57:21.218Z,Ergonomic Paper Wallet,Gadget,1404411876176,Miles Ryan Group,42.780000
27,2019-01-25T13:28:28.728Z,Awesome Aluminum Table,Gadget,6201199361567,Alfredo Kuhlman Group,85.020000
24,2017-02-08T05:19:53.456Z,Synergistic Marble Keyboard,Doohickey,2820850288674,Claude Thompson Group,74.870000
21,2016-06-30T07:30:53.303Z,Lightweight Wool Bag,Gadget,5856636800041,Heaney-Windler,40.380000
20,2017-08-25T18:18:36.649Z,Intelligent Wooden Gloves,Gizmo,5099742600901,Ora Monahan and Sons,24.880000
32,2017-11-15T04:21:04.291Z,Ergonomic Silk Keyboard,Gadget,4963935336179,Reid Pfannerstill and Sons,71.430000
28,2018-03-13T11:24:34.663Z,Rustic Marble Bottle,Gizmo,10465925138,"Morissette, Bartoletti and Cummings",45.420000
22,2017-11-24T20:14:28.415Z,Enormous Marble Shoes,Gizmo,7595223735110,"Mayer, Kiehn and Turcotte",21.420000
19,2016-11-06T23:27:12.642Z,Rustic Concrete Bottle,Doohickey,4307721071729,"Gibson, Turner and Douglas",42.670000
18,2017-02-11T03:45:40.957Z,Lightweight Paper Bottle,Gadget,8909358907493,Wilkinson-Gottlieb,54.600000
17,2017-01-31T11:05:14.863Z,Enormous Wool Car,Doohickey,6704641545275,"Hilpert, Jacobs and Hauck",53.290000
16,2017-01-30T22:00:25.015Z,Incredible Bronze Pants,Gadget,9633135585459,"Okuneva, Kutch and Monahan",44.070000
13,2016-05-24T23:09:46.392Z,Synergistic Steel Chair,Gizmo,399569209871,Mr. Tanya Stracke and Sons,75.090000
12,2017-11-12T14:51:16.221Z,Sleek Paper Toucan,Gizmo,9482467478850,Mueller-Dare,77.340000
11,2018-05-28T08:02:54.482Z,Ergonomic Silk Coat,Gadget,3642408008706,"Upton, Kovacek and Halvorson",88.300000
10,2017-01-09T09:51:20.352Z,Mediocre Wooden Table,Gizmo,1807963902339,"Larson, Pfeffer and Klocko",31.790000
8,2018-04-30T15:03:53.193Z,Enormous Steel Watch,Doohickey,1078766578568,Senger-Stamm,65.890000
7,2017-06-03T03:07:28.061Z,Aerodynamic Linen Coat,Doohickey,157967025871,Little-Pagac,98.820000
6,2017-03-29T05:43:40.150Z,Small Marble Hat,Doohickey,2293343551454,Nolan-Wolff,64.960000
5,2016-10-03T01:47:39.147Z,Enormous Marble Wallet,Gadget,5499736705597,"Price, Schultz and Daniel",82.750000
4,2018-03-06T02:53:09.937Z,Enormous Aluminum Shirt,Doohickey,4134502155718,Regan Bradtke and Sons,73.990000
3,2018-09-08T22:03:20.239Z,Synergistic Granite Chair,Doohickey,4966277046676,"Murray, Watsica and Wunsch",35.390000
2,2019-04-11T08:49:35.932Z,Small Marble Shoes,Doohickey,7663515285824,Balistreri-Ankunding,70.080000
1,2017-07-19T19:44:56.582Z,Rustic Paper Wallet,Gizmo,1018947080336,"Swaniawski, Casper and Hilll",29.460000
199,2016-08-19T01:21:25.232Z,Mediocre Leather Coat,Widget,5522456328132,"Gulgowski, Grimes and Mayer",76.950000
196,2017-03-08T20:05:27.983Z,Heavy-Duty Linen Toucan,Widget,6316992933962,Balistreri-Muller,46.760000
192,2016-07-28T08:48:29.074Z,Durable Cotton Shirt,Widget,1272575087123,"Grady, Greenfelder and Welch",46.120000
189,2017-08-16T01:01:21.914Z,Gorgeous Marble Computer,Widget,38948983000,"Marvin, Turcotte and Wisozk",62.180000
184,2017-04-03T18:01:04.162Z,Practical Granite Plate,Widget,4198118078267,Gaylord-Lesch,77.400000
181,2019-03-31T07:59:18.764Z,Awesome Steel Toucan,Widget,8703661046340,"Berge, Mraz and Sawayn",95.930000
176,2016-07-29T09:38:22.862Z,Enormous Leather Wallet,Widget,6424174443243,Mr. Colton Mayer Group,38.620000
178,2017-05-14T05:22:59.248Z,Ergonomic Linen Toucan,Widget,3576267834421,Halle Kulas I LLC,78.220000
170,2018-11-11T00:14:00.729Z,Durable Leather Wallet,Widget,6966709160725,Ruecker-Jakubowski,70.050000
163,2016-08-01T20:39:00.996Z,Ergonomic Leather Pants,Widget,2117622168280,Brittany Mueller Inc,22.380000
157,2017-12-01T08:35:33.063Z,Intelligent Granite Hat,Widget,7177157744491,Dooley-Cummings,93.260000
159,2017-02-27T20:15:05.107Z,Aerodynamic Cotton Lamp,Widget,6403813628678,"Mueller, Mayert and Johnston",23.690000
154,2018-07-07T14:51:56.865Z,Incredible Bronze Wallet,Widget,6875096496570,"Hermiston, OHara and Wunsch",54.580000
149,2017-06-15T08:50:11.957Z,Incredible Aluminum Knife,Widget,2543248750439,"Padberg, Senger and Williamson",46.100000
152,2017-05-26T20:35:11.249Z,Enormous Aluminum Clock,Widget,3988126680641,Thompson-Wolf,32.600000
146,2016-09-14T10:14:08.091Z,Lightweight Wool Computer,Widget,9131148018211,Theodora Terry and Sons,84.030000
144,2019-01-19T02:05:08.927Z,Aerodynamic Bronze Hat,Widget,7760442733661,"Schumm, Brown and Wehner",40.800000
136,2017-07-05T17:59:19.240Z,Mediocre Marble Lamp,Widget,7570673549500,"Crona, Block and Homenick",70.140000
132,2018-04-01T01:51:42.944Z,Sleek Steel Table,Widget,7668932199532,Marge Effertz Jr. Inc,85.250000
131,2017-03-23T15:06:11.999Z,Practical Aluminum Coat,Widget,5738533322232,Batz-Schroeder,75.410000
126,2016-09-27T22:45:23.439Z,Practical Wool Hat,Widget,9644009305424,Emmerich-Nienow,83.500000
125,2016-05-12T00:21:10.829Z,Aerodynamic Granite Bench,Widget,255973714120,Lon Wiegand DVM and Sons,53.600000
127,2016-10-12T17:58:13.744Z,Practical Bronze Watch,Widget,4665903801947,Schamberger-Wehner,89.650000
120,2016-09-27T14:38:31.820Z,Heavy-Duty Copper Watch,Widget,2484897511500,Jerrell Gulgowski Inc,55.670000
109,2016-08-13T14:20:38.637Z,Intelligent Iron Shirt,Widget,5528517133622,Price Kuhic Inc,79.370000
104,2018-10-22T05:51:55.845Z,Sleek Leather Toucan,Widget,4093428378987,Senger-Doyle,70.960000
103,2018-05-03T07:44:56.970Z,Rustic Silk Pants,Widget,8687358946192,Trantow-Bartell,31.360000
110,2016-10-16T09:45:43.146Z,Enormous Marble Gloves,Widget,4734618834332,Stanton-Fritsch,37.020000
89,2016-12-31T05:57:15.715Z,Awesome Aluminum Keyboard,Widget,3084140869281,"Stamm, Crist and Labadie",42.480000
87,2018-05-20T00:35:08.271Z,Gorgeous Linen Bottle,Widget,6906120611895,Miss Annamae Kutch Group,78.170000
93,2017-04-29T18:52:34.219Z,Practical Copper Car,Widget,1613963249998,Medhurst-Reichert,33.210000
94,2017-08-19T21:28:45.957Z,Awesome Bronze Plate,Widget,9753065345920,Nolan-Heller,72.810000
76,2017-11-22T20:48:19.143Z,Sleek Marble Clock,Widget,5065846711133,"Koepp, Ondricka and Larkin",42.550000
80,2016-05-02T06:05:29.339Z,Small Copper Clock,Widget,9522454376759,Cruickshank-Abernathy,36.610000
73,2016-10-31T20:13:40.416Z,Aerodynamic Rubber Bench,Widget,832349515187,Rowan Kautzer LLC,47.750000
72,2018-03-26T01:19:30.735Z,Rustic Paper Bench,Widget,9978391194435,"Senger, Mertz and Murray",94.800000
70,2017-10-03T13:35:45.886Z,Small Rubber Clock,Widget,8207931408888,Izabella Dach I and Sons,38.330000
66,2018-02-07T07:35:04.099Z,Fantastic Silk Bottle,Widget,7813908779724,Goyette-Smitham,90.770000
65,2018-10-01T14:56:06.332Z,Ergonomic Silk Table,Widget,6409491343148,Weimann-Cummings,45.490000
54,2016-11-22T09:23:14.682Z,Intelligent Bronze Knife,Widget,1943523619306,McClure-Murphy,41.400000
62,2018-12-06T01:14:59.820Z,Awesome Iron Hat,Widget,1087115303928,Von-Gulgowski,89.010000
52,2017-05-22T07:39:32.125Z,Ergonomic Marble Hat,Widget,2091630691049,Koch-Ruecker,69.120000
50,2018-06-19T22:53:03.609Z,Durable Wool Toucan,Widget,272643267465,"Hartmann, Mohr and Stiedemann",35.760000
44,2016-08-25T21:35:12.524Z,Gorgeous Concrete Shoes,Widget,4561421124790,Carol Marvin LLC,50.900000
43,2016-07-06T03:02:57.658Z,Lightweight Marble Bag,Widget,236197465609,Francis Wolff Group,50.900000
42,2016-09-17T18:21:58.851Z,Awesome Rubber Wallet,Widget,4893655420066,Schamberger-Maggio,25.340000
41,2018-07-16T01:10:38.959Z,Aerodynamic Paper Coat,Widget,1144906750559,Robyn Padberg Inc,42.340000
29,2017-09-14T15:30:37.651Z,Durable Steel Toucan,Widget,2434890445616,Odessa Emmerich Inc,82.380000
26,2017-11-02T09:54:01.499Z,Ergonomic Aluminum Plate,Widget,3987140172453,Tia Goyette Group,45.420000
25,2018-10-17T03:54:33.555Z,Durable Marble Watch,Widget,4863291591550,"Ritchie, Haley and Pacocha",45.750000
23,2018-02-01T16:00:14.334Z,Fantastic Aluminum Bottle,Widget,1576499102253,"Reichert, Johnson and Roob",77.910000
15,2016-09-08T14:42:57.264Z,Aerodynamic Paper Computer,Widget,5881647583898,Friesen-Anderson,25.100000
14,2017-12-31T14:41:56.870Z,Awesome Concrete Shoes,Widget,8833419218504,McClure-Lockman,25.100000
9,2019-02-07T08:26:25.647Z,Practical Bronze Computer,Widget,7217466997444,Keely Stehr Group,58.310000
